{"cameraMode":{"drawMode":0,"name":"Shaded","section":"Shading Mode"},"sceneLighting":false,"audioPlay":false,"sceneViewState":{"showFog":true,"showMaterialUpdate":false,"showSkybox":true,"showFlares":true,"showImageEffects":true,"showParticleSystems":true},"in2DMode":false,"pivot":{"x":-131.02313232421876,"y":-1217.195556640625,"z":998.1253662109375},"rotation":{"x":-0.3520621359348297,"y":0.43629056215286257,"z":-0.19062313437461854,"w":-0.8058513402938843},"size":1823.1104736328125,"orthographic":false}