{"cameraMode":{"drawMode":0,"name":"Shaded","section":"Shading Mode"},"sceneLighting":false,"audioPlay":false,"sceneViewState":{"showFog":true,"showMaterialUpdate":false,"showSkybox":true,"showFlares":true,"showImageEffects":true,"showParticleSystems":true},"in2DMode":false,"pivot":{"x":976.9053955078125,"y":18.96742820739746,"z":1752.640380859375},"rotation":{"x":0.028418147936463357,"y":0.9281131029129028,"z":-0.366589218378067,"w":0.08061310648918152},"size":211.98817443847657,"orthographic":false}