{"cameraMode":{"drawMode":2,"name":"Shaded Wireframe","section":"Shading Mode"},"sceneLighting":false,"audioPlay":false,"sceneViewState":{"showFog":true,"showMaterialUpdate":false,"showSkybox":true,"showFlares":true,"showImageEffects":true,"showParticleSystems":true},"in2DMode":false,"pivot":{"x":2676.261474609375,"y":202.06484985351563,"z":540.3212280273438},"rotation":{"x":0.150153249502182,"y":-0.7303233742713928,"z":0.1701347976922989,"w":0.6443958878517151},"size":5.358257293701172,"orthographic":false}