{"cameraMode":{"drawMode":2,"name":"Shaded Wireframe","section":"Shading Mode"},"sceneLighting":true,"audioPlay":false,"sceneViewState":{"showFog":true,"showMaterialUpdate":false,"showSkybox":true,"showFlares":true,"showImageEffects":true,"showParticleSystems":true},"in2DMode":false,"pivot":{"x":1658.2203369140625,"y":389.0919189453125,"z":-239.9983367919922},"rotation":{"x":0.1503654569387436,"y":0.4956010580062866,"z":-0.08758141100406647,"w":0.8509791493415833},"size":197.47523498535157,"orthographic":false}