{"cameraMode":{"drawMode":0,"name":"Shaded","section":"Shading Mode"},"sceneLighting":false,"audioPlay":false,"sceneViewState":{"showFog":true,"showMaterialUpdate":false,"showSkybox":true,"showFlares":true,"showImageEffects":true,"showParticleSystems":true},"in2DMode":false,"pivot":{"x":2398.408203125,"y":225.5802459716797,"z":830.4439697265625},"rotation":{"x":0.7228130102157593,"y":0.000904000480659306,"z":-0.0014221558813005686,"w":0.6930584907531738},"size":34.422607421875,"orthographic":false}