{"cameraMode":{"drawMode":0,"name":"Shaded","section":"Shading Mode"},"sceneLighting":false,"audioPlay":false,"sceneViewState":{"showFog":true,"showMaterialUpdate":false,"showSkybox":true,"showFlares":true,"showImageEffects":true,"showParticleSystems":true},"in2DMode":false,"pivot":{"x":2402.856201171875,"y":214.47975158691407,"z":810.3132934570313},"rotation":{"x":0.012296534143388272,"y":0.9825084805488586,"z":-0.14274072647094727,"w":0.13065966963768006},"size":34.422607421875,"orthographic":false}