{"cameraMode":{"drawMode":0,"name":"Shaded","section":"Shading Mode"},"sceneLighting":false,"audioPlay":false,"sceneViewState":{"showFog":true,"showMaterialUpdate":false,"showSkybox":true,"showFlares":true,"showImageEffects":true,"showParticleSystems":true},"in2DMode":false,"pivot":{"x":1190.4676513671875,"y":-140.1977081298828,"z":1995.8101806640625},"rotation":{"x":0.3431141674518585,"y":0.26003769040107729,"z":-0.10035040229558945,"w":0.8974835872650147},"size":775.7086791992188,"orthographic":false}