{"cameraMode":{"drawMode":0,"name":"Shaded","section":"Shading Mode"},"sceneLighting":true,"audioPlay":false,"sceneViewState":{"showFog":true,"showMaterialUpdate":false,"showSkybox":true,"showFlares":true,"showImageEffects":true,"showParticleSystems":true},"in2DMode":false,"pivot":{"x":2407.028564453125,"y":247.15353393554688,"z":817.2887573242188},"rotation":{"x":0.025670424103736879,"y":0.9745734930038452,"z":-0.1616569310426712,"w":0.15394257009029389},"size":83.23591613769531,"orthographic":false}