{"cameraMode":{"drawMode":0,"name":"Shaded","section":"Shading Mode"},"sceneLighting":false,"audioPlay":false,"sceneViewState":{"showFog":true,"showMaterialUpdate":false,"showSkybox":true,"showFlares":true,"showImageEffects":true,"showParticleSystems":true},"in2DMode":false,"pivot":{"x":-2.052861213684082,"y":-0.4541082978248596,"z":0.7440255880355835},"rotation":{"x":-0.13499853014945985,"y":0.6998794078826904,"z":-0.1373676061630249,"w":-0.6878070831298828},"size":8.142065048217774,"orthographic":false}